{"cameraMode":{"drawMode":0,"name":"Shaded","section":"Shading Mode"},"sceneLighting":true,"audioPlay":false,"sceneViewState":{"m_AlwaysRefresh":false,"showFog":true,"showSkybox":true,"showFlares":true,"showImageEffects":true,"showParticleSystems":true,"showVisualEffectGraphs":true,"m_FxEnabled":true},"in2DMode":false,"pivot":{"x":1.6340587139129639,"y":-2.697267532348633,"z":-1.4849510192871094},"rotation":{"x":0.44453150033950808,"y":0.022834181785583497,"z":-0.01133496779948473,"w":0.8954076170921326},"size":9.53882122039795,"orthographic":false}