{"cameraMode":{"drawMode":0,"name":"Shaded","section":"Shading Mode"},"sceneLighting":true,"audioPlay":false,"sceneViewState":{"m_AlwaysRefresh":false,"showFog":true,"showSkybox":true,"showFlares":true,"showImageEffects":true,"showParticleSystems":true,"showVisualEffectGraphs":true,"m_FxEnabled":true},"in2DMode":false,"pivot":{"x":4.501385688781738,"y":-1.6555891036987305,"z":2.642274856567383},"rotation":{"x":0.4079994261264801,"y":0.013690297491848469,"z":-0.006117395590990782,"w":0.9128652811050415},"size":11.127581596374512,"orthographic":false}